Workbook

Sheet Matriz Ckeck LIst
C3: MATRIZ PARA COMPROBACIÓN REQUERIMIENTOS DE CALIDAD DE PROYECTO ACADEMICO
D5: SISTEMA: | E5: Sistema de generación de Cotizaciones "FastKote"
F6: Requerimientos Funcionales
B7: Nº | C7: CRITERIOS DE CALIDAD (Documento/Requerimientos) | E7: Status Nivel de Acuerdo | F7: CU-SGC-L0-01 Autenticar Usuario | I7: CU-SGC-L0-04 Administrar cliente | K7: CU-SGC-L0-05 Administrar empleados
B9: 1 | C9: Agreed | E9: OK | F9: 1. Videoconferencia de la entrevista 2. Aceptación por videollamada (Cliente y Docente) | G9: OK | I9: 1. Videoconferencia de la entrevista. 2. Aceptación por videollamada (Cliente y Docente). | J9: OK | K9: 1. Videoconferencia de la entrevista. 2. Aceptación por videollamada (Cliente y Docente).
B10: 2 | C10: Ranked | E10: OK | F10: 1. Tiene prioridad Alta, lo que indica claramente su importancia frente a otros requerimientos. | G10: OK | I10: 1. En la descripción del caso de Uso se especifica la prioridad como Primario y Obligatorio. | J10: OK | K10: 1. En la descripción del caso de Uso se especifica la prioridad como Alta
B11: 3 | C11: Unambiguos | E11: OK | F11: 1. Redacción clara todos los involucadros interpretan de la misma forma el caso de uso. | G11: OK | I11: 1. Redacción en lenguaje claro. | J11: OK | K11: 1. Redacción en lenguaje claro.
B12: 4 | C12: Valid and up-to date | E12: OK | F12: 1. Se encuentra actualizado y validado por las ultimas recomendaciones de las partes involucradas. | G12: OK | I12: 1. Toda nueva información ha sido incorporada, se han incorporado los últimos cambios pedidos luego del feedback realizado por el cliente | J12: OK | K12: 1. Toda nueva información ha sido incorporada, se han incorporado los últimos cambios pedidos luego del feedback realizado por el cliente
B13: 5 | C13: Correct | E13: OK | F13: 1. Describe correctamente el proceso de autenticación incluyendo validaciones, excepciones y flujo normal. | G13: OK | I13: 1. Está alineado con los objetivos del sistema. | J13: OK | K13: 1. Está alineado con los objetivos del sistema.
B14: 6 | C14: Consisten | E14: OK | F14: 1. No presenta contradicciones internas; el flujo, precondiciones y excepciones están alineados. | G14: OK | I14: 1. Documentación basada en modelos: Diagrama de Casos de Uso 2. Usa términos definidos previamente. | J14: OK | K14: 1. Documentación basada en modelos: Diagrama de Casos de Uso 2. Usa términos definidos previamente.
B15: 7 | C15: Verifiable | E15: NOK | F15: 1. Requisito Medible 2. Falta Casos de Prueba | G15: NOK | I15: 1. Requisito Medible 2. Falta Casos de Prueba | J15: NOK | K15: 1. Requisito Medible . 2. Falta Casos de Prueba
B16: 8 | C16: Realizable | E16: NOK | F16: 1. Es totalmente implementable con tecnologías actuales sin problemas técnicos. | G16: NOK | I16: 1. Funcionalidad tomada en cuenta dentro de la estimación del costo del proyecto 2. No se ha desarrollado | J16: NOK | K16: 1. Funcionalidad tomada en cuenta dentro de la estimación del costo del proyecto 2. No se ha desarrollado
B17: 9 | C17: Traceable | E17: OK | F17: 1. Cuenta con identificado unico 2. Es claro el origen y su conexion con otros requisitos. | G17: OK | I17: 1. Es claro el origen del requisito y sus relaciones con otros requisitos (matriz de trazabilidad cliente/casos de uso y casos de uso/casos de uso) 2. Cuenta con un identificador único | J17: OK | K17: 1. Es claro el origen del requisito y sus relaciones con otros requisitos (matriz de trazabilidad cliente/casos de uso y casos de uso/casos de uso) 2. Cuenta con un identificador único
B18: 10 | C18: Complete | E18: OK | F18: 1. Incluye actor, precondiciones, flujo, excepciones y postcondiciones. Por lo tanto el caso de uso esta completo. | G18: OK | I18: 1. Contiene toda la información necesaria (entradas, salidas, precondiciones, postcondiciones) para entender y diseñar la función. 2. Describe completamente la funcionalidad esperada. | J18: OK | K18: 1. Contiene toda la información necesaria (entradas, salidas, precondiciones, postcondiciones) para entender y diseñar la función. 2. Describe completamente la funcionalidad esperada.
B19: 11 | C19: Understandability | E19: OK | F19: 1. Facil de entender sin ser alguien tecnico 2. Existe gloario de términos | G19: OK | I19: 1. Se involucra al cliente 2. Existe glosario de términos | J19: OK | K19: 1. Se involucra al cliente 2. Existe glosario de términos

Sheet MLC - CU-SGC-L0-01
B1: SISTEMA: | C1: Sistema de Generación de Cotizaciones "FastKote"
B2: FECHA: | C2: 46126
B3: AUTOR: | C3: Leonel Tipán
B4: REQUERIMIENTOS EVALUADOS : | C4: CU-SGC-L0-01 Autenticar Usuario
A6: CONTENIDO
A7: No. | B7: Pregunta | C7: SI | D7: NO
A8: 1 | B8: Todos los requerimientos relevantes se han documentado? | C8: X
A9: 2 | B9: Se han implementado las funciones requeridas? | D9: x
A10: 3 | B10: Existe algún mecanismo que permita seguir el impacto de dicho requerimiento a lo largo del resto de las actividades del ciclo productivo.? | C10: x
A11: 4 | B11: El origen de cada requerimento individual está claro ? | C11: X
A12: 5 | B12: Que tan facil es devolverse a los requerimientos? | C12: X
A13: 6 | B13: Los requerimientos reflejan las necesidades y deseos del cliente? | C13: X
A14: 7 | B14: No hay contradicciones entre los requerimientos? | C14: X
A15: 8 | B15: El requerimiento que se esta especificando contribuye a alcanzar un objetivo definido ? | C15: X
A16: 9 | B16: Existe un proceso acotado (en plazo y presupuesto) que permita determinar que el sistema construido satisface lo descrito en el propio requerimiento? | C16: X
A17: SUMATORIA: | C17: =COUNTA('MLC - CU-SGC-L0-01'!$C$8:$C$16) -> 8 | D17: =COUNTA('MLC - CU-SGC-L0-01'!$D$8:$D$16) -> 1
A18: PORCENTAJE : | C18: =C17/9 -> 0.88888889 | D18: =D17/9 -> 0.11111111
A20: DOCUMENTACIÓN
A21: No. | B21: Pregunta | C21: SI | D21: NO
A22: 1 | B22: Aplica un estandar para la documetación de requerimiento? | C22: X
A23: 2 | B23: Cumple con la estructura definida por el estandar? | C23: X
A24: 3 | B24: Utiliza un Glosario de términos normalizado? | C24: X
A25: 4 | B25: Los requerimientos Funcionales estan sujetos a una única interpretación? | C25: X
A26: 5 | B26: El modelo aplicado cumple con la sintaxis? | C26: X
A27: SUMATORIA: | C27: =COUNTA('MLC - CU-SGC-L0-01'!$C$22:$C$26) -> 5 | D27: =COUNTA('MLC - CU-SGC-L0-01'!$D$22:$D$26) -> 0
A28: PORCENTAJE : | C28: =C27/5 -> 1 | D28: =D27/5 -> 0
A30: NIVEL DE ACUERDO
A31: No. | B31: Pregunta | C31: SI | D31: NO
A32: 1 | B32: Todos los requerimientos han sido acordados con todos los interesados? | C32: X
A33: 2 | B33: Todos los requerimientos modificados han sido acordados por todos los implicados? | C33: X
A34: 3 | B34: Han sido resueltos todos los conflictos conocidos respectos de los requerimientos? | C34: X
A35: SUMATORIA: | C35: =COUNTA('MLC - CU-SGC-L0-01'!$C$32:$C$34) -> 3 | D35: =COUNTA('MLC - CU-SGC-L0-01'!$D$32:$D$34) -> 0
A36: PORCENTAJE : | C36: =C35/3 -> 1 | D36: =D35/3 -> 0
A40: RESUMEN
B41: CONTENIDO | C41: 89
B42: DOCUMENTACIÓN | C42: 100
B43: NIVEL DE ACUERDO | C43: 100

Sheet MLC - CU-SGC-L0-04
B1: SISTEMA: | C1: Sistema de Generación de Cotizaciones "FastKote"
B2: FECHA: | C2: 46126
B3: AUTOR: | C3: Diana Carolina Guerra Coronel
B4: REQUERIMIENTOS EVALUADOS : | C4: CU-SGC-L0-04 Administrar cliente
B5: Modelo Lista de Comprobación
A6: CONTENIDO
A7: No. | B7: Pregunta | C7: SI | D7: NO
A8: 1 | B8: Todos los requerimientos relevantes se han documentado? | C8: X
A9: 2 | B9: Se han implementado las funciones requeridas? | D9: X
A10: 3 | B10: Existe algún mecanismo que permita seguir el impacto de dicho requerimiento a lo largo del resto de las actividades del ciclo productivo.? | C10: X
A11: 4 | B11: El origen de cada requerimento individual está claro ? | C11: X
A12: 5 | B12: Que tan facil es devolverse a los requerimientos? | C12: X
A13: 6 | B13: Los requerimientos reflejan las necesidades y deseos del cliente? | C13: X
A14: 7 | B14: No hay contradicciones entre los requerimientos? | C14: X
A15: 8 | B15: El requerimiento que se esta especificando contribuye a alcanzar un objetivo definido ? | C15: X
A16: 9 | B16: Existe un proceso acotado (en plazo y presupuesto) que permita determinar que el sistema construido satisface lo descrito en el propio requerimiento? | C16: x
A17: SUMATORIA: | C17: =COUNTA('MLC - CU-SGC-L0-04'!$C$8:$C$16) -> 8 | D17: =COUNTA('MLC - CU-SGC-L0-04'!$D$8:$D$16) -> 1
A18: PORCENTAJE : | C18: =C17/9 -> 0.88888889 | D18: =D17/9 -> 0.11111111
A20: DOCUMENTACIÓN
A21: No. | B21: Pregunta | C21: SI | D21: NO
A22: 1 | B22: Aplica un estandar para la documetación de requerimiento? | C22: X
A23: 2 | B23: Cumple con la estructura definida por el estandar? | C23: X
A24: 3 | B24: Utiliza un Glosario de términos normalizado? | C24: X
A25: 4 | B25: Los requerimientos Funcionales estan sujetos a una única interpretación? | C25: X
A26: 5 | B26: El modelo aplicado cumple con la sintaxis? | C26: X
A27: SUMATORIA: | C27: =COUNTA('MLC - CU-SGC-L0-04'!$C$22:$C$26) -> 5 | D27: =COUNTA('MLC - CU-SGC-L0-04'!$D$22:$D$26) -> 0
A28: PORCENTAJE : | C28: =C27/5 -> 1 | D28: =D27/5 -> 0
A30: NIVEL DE ACUERDO
A31: No. | B31: Pregunta | C31: SI | D31: NO
A32: 1 | B32: Todos los requerimientos han sido acordados con todos los interesados? | C32: X
A33: 2 | B33: Todos los requerimientos modificados han sido acordados por todos los implicados? | C33: X
A34: 3 | B34: Han sido resueltos todos los conflictos conocidos respectos de los requerimientos? | C34: X
A35: SUMATORIA: | C35: =COUNTA('MLC - CU-SGC-L0-04'!$C$32:$C$34) -> 3 | D35: =COUNTA('MLC - CU-SGC-L0-04'!$D$32:$D$34) -> 0
A36: PORCENTAJE : | C36: =C35/3 -> 1 | D36: =D35/3 -> 0
A40: RESUMEN
B41: CONTENIDO | C41: 89
B42: DOCUMENTACIÓN | C42: 100
B43: NIVEL DE ACUERDO | C43: 100

Sheet MLC- CU-SGC-L0-05 
B1: SISTEMA: | C1: Sistema de Generación de Cotizaciones "FastKote"
B2: FECHA: | C2: 46126
B3: AUTOR: | C3: Paul Sebastian Moreno Navarrete
B4: REQUERIMIENTOS EVALUADOS : | C4: CU-SGC-L0-05 Administrar empleados
A6: CONTENIDO
A7: No. | B7: Pregunta | C7: SI | D7: NO
A8: 1 | B8: Todos los requerimientos relevantes se han documentado? | C8: X
A9: 2 | B9: Se han implementado las funciones requeridas? | D9: X
A10: 3 | B10: Existe algún mecanismo que permita seguir el impacto de dicho requerimiento a lo largo del resto de las actividades del ciclo productivo.? | C10: X
A11: 4 | B11: El origen de cada requerimento individual está claro ? | C11: X
A12: 5 | B12: Que tan facil es devolverse a los requerimientos? | C12: X
A13: 6 | B13: Los requerimientos reflejan las necesidades y deseos del cliente? | C13: X
A14: 7 | B14: No hay contradicciones entre los requerimientos? | C14: X
A15: 8 | B15: El requerimiento que se esta especificando contribuye a alcanzar un objetivo definido ? | C15: X
A16: 9 | B16: Existe un proceso acotado (en plazo y presupuesto) que permita determinar que el sistema construido satisface lo descrito en el propio requerimiento? | C16: x
A17: SUMATORIA: | C17: =COUNTA('MLC- CU-SGC-L0-05 '!$C$8:$C$16) -> 8 | D17: =COUNTA('MLC- CU-SGC-L0-05 '!$D$8:$D$16) -> 1
A18: PORCENTAJE : | C18: =C17/9 -> 0.88888889 | D18: =D17/9 -> 0.11111111
A20: DOCUMENTACIÓN
A21: No. | B21: Pregunta | C21: SI | D21: NO
A22: 1 | B22: Aplica un estandar para la documetación de requerimiento? | C22: X
A23: 2 | B23: Cumple con la estructura definida por el estandar? | C23: X
A24: 3 | B24: Utiliza un Glosario de términos normalizado? | C24: X
A25: 4 | B25: Los requerimientos Funcionales estan sujetos a una única interpretación? | C25: X
A26: 5 | B26: El modelo aplicado cumple con la sintaxis? | C26: X
A27: SUMATORIA: | C27: =COUNTA('MLC- CU-SGC-L0-05 '!$C$22:$C$26) -> 5 | D27: =COUNTA('MLC- CU-SGC-L0-05 '!$D$22:$D$26) -> 0
A28: PORCENTAJE : | C28: =C27/5 -> 1 | D28: =D27/5 -> 0
A30: NIVEL DE ACUERDO
A31: No. | B31: Pregunta | C31: SI | D31: NO
A32: 1 | B32: Todos los requerimientos han sido acordados con todos los interesados? | C32: X
A33: 2 | B33: Todos los requerimientos modificados han sido acordados por todos los implicados? | C33: X
A34: 3 | B34: Han sido resueltos todos los conflictos conocidos respectos de los requerimientos? | C34: X
A35: SUMATORIA: | C35: =COUNTA('MLC- CU-SGC-L0-05 '!$C$32:$C$34) -> 3 | D35: =COUNTA('MLC- CU-SGC-L0-05 '!$D$32:$D$34) -> 0
A36: PORCENTAJE : | C36: =C35/3 -> 1 | D36: =D35/3 -> 0
A40: RESUMEN
B41: CONTENIDO | C41: 89
B42: DOCUMENTACIÓN | C42: 100
B43: NIVEL DE ACUERDO | C43: 100

Sheet RECOMENDACIONES - CU-SGC-L0-01
A1: PREGUNTA | B1: RECOMENDACIÓN
A2: ¿Se han validado y aprobado formalmente todos los entregables de la entrevista (videoconferencia, minuta, acta de aceptación)? | B2: Establecer firmas digitales en cada minuta de modo que quede constancia inequívoca de la aprobación de alcance y contenido por parte de tutor, cliente y equipo.
A3: ¿Se han definido criterios de aceptación y casos de prueba que permitan medir objetivamente el cumplimiento del requisito? | B3: Elaborar una lista de pruebas unitarias de modo que cada criterio quede cubierto por al menos un caso de prueba.

Sheet RECOMENDACIONES - CU-SGC-L0-04
A1: PREGUNTA | B1: RECOMENDACIÓN
A2: ¿Se han validado y aprobado formalmente todos los entregables de la entrevista (videoconferencia, minuta, acta de aceptación)? | B2: Establecer firmas digitales en cada minuta de modo que quede constancia inequívoca de la aprobación de alcance y contenido por parte de tutor, cliente y equipo.
A3: ¿Se han definido criterios de aceptación y casos de prueba que permitan medir objetivamente el cumplimiento del requisito? | B3: Elaborar una lista de pruebas unitarias de modo que cada criterio quede cubierto por al menos un caso de prueba.

Sheet RECOMENDACIONES - CU-SGC-L0-05
A1: PREGUNTA | B1: RECOMENDACIÓN
A2: ¿Se han validado y aprobado formalmente todos los entregables de la entrevista (videoconferencia, minuta, acta de aceptación)? | B2: Establecer firmas digitales en cada minuta de modo que quede constancia inequívoca de la aprobación de alcance y contenido por parte de tutor, cliente y equipo.
A3: ¿Se han definido criterios de aceptación y casos de prueba que permitan medir objetivamente el cumplimiento del requisito? | B3: Elaborar una lista de pruebas unitarias de modo que cada criterio quede cubierto por al menos un caso de prueba.
